book_id,isbn,title,author,description,year,pages,stars,date,clicks,views,event
1,9783284783180,СИ++ И КОМПЬЮТЕРНАЯ ГРАФИКА,Андрей Богуславский,"Развитие современных технологий создания ПО предполагает владение программистом широким набором практических навыков, среди которых одними из основных можно считать знание языка программирования, среды разработки и системных технологий базовой операционной системы. Книга предназначена для начальной подготовки программиста, владеющего языком Си++ и инструментальными средствами векторной компьютерной графики применительно к разработке программ в операционных системах (ОС) семейства Win32.
Читая книгу `Си++ и компьютерная графика`, выпущенную издательством `КомпьютерПресс`, Вы получаете замечательную возможность - научиться создавать приложения к известной российской САПР КОМПАС, а точнее - к ее базовым конструкторским модулям, чертежно-графической системе КОМПАС-ГРАФИК и системе трехмерного твердотельного моделирования КОМПАС-3D.
Комплекс программного обеспечения КОМПАС, разработанный компанией АСКОН, - один из наиболее распространенных пакетов САПР в России и странах ближнего зарубежья, ставший выбором более чем 1600 промышленных предприятий. Это удобный, эффективный и мощный программный комплекс для автоматизированного проектирования и конструирования, подготовки производства, управления инженерными данными.
Важное преимущество комплекса КОМПАС - его открытость для развития со стороны пользователей, как профессиональных программистов, так и обычных конструкторов и технологов. Для первых КОМПАС предоставляет развитые программные интерфейсы доступа к своим функциям и возможностям, для вторых - удобные средства создания библиотек типовых фрагментов, различных шаблонов, стилей оформлений и т.д.
Книга адресована программистам, создающим приложения в среде КОМПАС, а также студентам. Специалисты отделов АСУ и САПР, ознакомившись с данным изданием, получат возможность создавать собственные библиотеки стандартных элементов в среде КОМПАС.
Издание поможет и тем заказчикам ПО САПР, которые уже имеют свои разработки в области автоматизированного проектирования (методики и расчетные задачи, уже реализованные в виде программ под Windows). Между тем, они часто нуждаются в средствах визуализации расчетных данных, которые с успехом можно реализовать как приложения к модулям КОМПАС.
Сегодня КОМПАС широко применяется для подготовки инженерных кадров в вузах. Пользователями систем являются основные технические кафедры: инженерной графики, технической и прикладной механики, деталей машин, проектирования, технологии и механизации производств. Книга поможет будущим инженерам-конструкторам, изучающим программирование, открыв перед ними самые широкие возможности для применения этих знаний в дальнейшей работе. Нужно отметить, что сегодня есть целый ряд примеров разработок вузовскими коллективами собственных приложений к КОМПАС, реализованных в сотрудничестве с предприятиями-заказчиками.
У компании АСКОН действует специальная программа по привлечению специалистов и творческих коллективов к разработке. Читатели книги получают отличный шанс создать приложение для системы КОМПАС, которое разойдется многими тысячами экземпляров.",2003,352,5,1976-12-14T05:08:06.000Z,1,20,0
2,9783122659165,Программирование на языке Go!,Марк Саммерфильд,"Перед вами практическое руководство по Go, революционно новому языку программирования со встроенной поддержкой параллельного программирования, который упрощает разработку программ для многопроцессорных систем.

На данный момент, Go – самый превосходный из новых языков программирования. Он изначально создавался, дабы помочь задействовать полную мощь современных многоядерных процессоров. В данном руководстве первопроходец языка Go Марк Саммерфильд расказывает, каким образом писать программы, в полной мере применяющие его революционные возможности и идиомы . Будучи в то же время и учебником, и справочником, книга «Программирование на языке Go» объединяет в себе все сведения, которые понадобятся, для того чтобы продолжить изучение Go, думать на Go и создавать высокопроизводительные программы на Go. Саммерфильд приводит массу сравнений идиом программирования, показывая преимущества Go перед более давними языками, уделяя особенное внимание ключевым инновациям. Заодно, начиная с самых начал, он объясняет все аспекты параллельного программирования на языке Go с использованием каналов и без применения блокировок, а также гибкость и необычность подхода к объектно-ориентированному программированию с использованием механизма динамической типизации.

Главный упор автор делает на практическое применение. Каждая глава заключает выверенные, работающие примеры программного кода, дабы вызвать в читателе дух экспериментатора и помочь ему стремительнее овладеть мастерством разработки. Повсюду , где это возможно, приводятся законченные программы и пакеты , которые демонстрируют особенности практического применения, а также упражнения.",2016,550,5,1997-01-04T19:43:39.000Z,1,2,0
3,9781177300391,Толковый словарь сетевых терминов и аббревиатур,"М. Вильямс","Этот словарь представляет собой наиболее полное собрание терминов и аббревиатур, применяемых в области сетевых технологий. В первой части собраны стандартные термины, широко используемые в области межсетевых взаимодействий, а во второй - специфические термины, характерные только для Cisco Systems и Cisco IOS. Словарь станет практичным и удобным справочником для всех специалистов в области сетевых технологий; он будет незаменим как при чтении материалов общего характера, так и при изучении специализированных технических руководств.

Компактный справочник терминов и аббревиатур, используемых в области объединения и маршрутизации сетей
Предназначен для студентов и специалистов, эксплуатирующих и создающих сети и сетевые инфраструктуры
Приведены тысячи новых терминов и обновленных определений
Официальный справочник Cisco Systems, созданный сетевыми экспертами Cisco в специализированных областях деятельности
Книга представляет собой всеобъемлющее справочное руководство, содержащее тысячи технических терминов, с которыми можно столкнуться в повседневной деятельности. Она содержит краткие определения практически всех терминов, которые используются в новейших сетевых технологиях. Благодаря этому книга, несомненно, будет очень полезна в практической работе специалистов по сетям и в процессе обучения студентов.

Книга, созданная специалистами компании Cisco Systems, содержит обновленные или совершенно новые определения для тысяч терминов, аббревиатур или понятий.

Cisco Systems, Inc. - ведущая компания мира в области сетевых технологий и Internet. Она создает аппаратное и программное обеспечение, предназначенное для работы в Internet. Использование решений, предлагаемых Cisco, предоставит отдельным пользователям, компаниям и странам беспрепятственный доступ к информации в любом месте и в любое время. Благодаря эффективному и своевременному обновлению информации, включая ведущие в этой отрасли публикации издательства Cisco Press, решения Cisco предоставляют клиентам компании возможность обучения и достижения конкурентного преимущества. Это позволяет сэкономить средства, повысить производительность и установить более тесные формы сотрудничества. Эти решения лежат в основе сетевого взаимодействия многих организаций всего мира.",2002,368,5,1993-01-27T12:06:36.000Z,1,2,0
4,9785738912641,Python for Data Analysis,Уэс Маккинни,"Отримайте вичерпний посібник з маніпулювання, обробки, очищення та аналізу наборів даних у Python. Третє видання цього практичного посібника, оновлене для Python 3.9 та pandas 1.2, наповнене практичними прикладами, які покажуть вам, як ефективно вирішувати широкий спектр завдань з аналізу даних. Ви також ознайомитеся з останніми версіями pandas, NumPy та Jupyter.

Написана Весом МакКінні, творцем проекту Python pandas, ця книга є практичним, сучасним вступом до інструментів науки про дані в Python. Вона ідеально підходить для аналітиків, які тільки починають вивчати Python, а також для програмістів, які тільки починають вивчати науку про дані та наукові обчислення. Файли даних та супутні матеріали доступні на GitHub.

Використовуйте блокнот Jupyter та оболонку IPython для дослідницьких обчислень
Вивчіть базові та розширені можливості NumPy
Почніть працювати з інструментами аналізу даних у бібліотеці pandas
Використовуйте гнучкі інструменти для завантаження, очищення, перетворення, злиття та зміни форми даних
Створювати інформативні візуалізації за допомогою matplotlib
Застосовуйте інструмент pandas groupby для розбиття, нарізки та узагальнення наборів даних
Аналізувати та маніпулювати регулярними та нерегулярними даними часових рядів
Навчіться розв'язувати реальні задачі аналізу даних на детальних прикладах.
Вес МакКінні - розробник програмного забезпечення та підприємець з Нешвіла. Закінчивши бакалаврат з математики в Массачусетському технологічному інституті в 2007 році, він продовжив займатися кількісними фінансами в AQR Capital Management в Грінвічі, штат Коннектикут. Розчарований громіздкими інструментами аналізу даних, він вивчив Python і почав створювати те, що згодом стало проектом pandas. Зараз він є активним членом спільноти розробників даних на Python і є прихильником використання Python в аналізі даних, фінансах та статистичних обчисленнях.

Пізніше Вес був співзасновником і генеральним директором компанії DataPad, чиї технологічні активи і команда були придбані Cloudera в 2014 році. З тих пір він займається технологіями великих даних, приєднавшись до комітетів з управління проектами Apache Arrow та Apache Parquet в Apache Software Foundation. У 2018 році він заснував Ursa Labs, некомерційну організацію, яка займається розробкою Apache Arrow, у партнерстві з RStudio та Two Sigma Investments. У 2021 році став співзасновником технологічного стартапу Voltron Data, де наразі працює технічним директором.",2022,552,5,1994-08-14T04:45:30.000Z,0,2,0
5,9789254867492,Thinking in Java (4th Edition),Брюс Эккель,"Нова версія книги про головних питаннях програмування: чому вони виникають і який підхід застосовує Java у їх вирішенні.

Дана книга вперше виходить російською мовою в повній версії.

Книга,которая выдержала в оригинале не одно переиздание, за полное и философское изложение всех аспектов языка Java считается одним из наилучших пособий для программистов. Для того чтобы по-настоящему постигнуть язык Java, нужно рассматривать его не просто как комплект неких команд и операторов, а постигнуть его «философию», подход к решению задач, в сравнении с подобными в других языках программирования. На страницах этого издания автор рассказывает об главных проблемах написания кода: в чем их естество и какой подход использует Java в их разрешении . Тому риси мови які розглядаються в кожній главі нерозривно пов'язані з тим, яким чином вони застосовуються для вирішення певних завдань.",2020,1168,4,2004-02-06T15:33:47.000Z,0,0,0
6,9788660761936,Introduction to Algorithms,"Томас Кормен, Чарльз Лейзерсон, Рональд Ривест, Клиффорд Штайн","Деякі книги про алгоритми є строгими, але неповними; інші охоплюють велику кількість матеріалу, але їм бракує строгості. Вступ до алгоритмів унікально поєднує строгість і всеосяжність. Він глибоко охоплює широкий спектр алгоритмів, але робить їх розробку та аналіз доступними для всіх рівнів читачів, завдяки окремим главам та алгоритмам у псевдокоді. З моменту публікації першого видання ""Вступ до алгоритмів"" став провідним підручником з алгоритмізації в університетах по всьому світу, а також стандартним довідником для професіоналів. Це четверте видання було повністю оновлене.
Нове у четвертому виданні
Нові розділи про відповідності у дводольних графах, онлайн-алгоритми та машинне навчання
Новий матеріал з таких тем, як розв'язування рекурентних рівнянь, хеш-таблиці, потенційні функції та суфіксальні масиви
140 нових вправ і 22 нові задачі
Вдосконалення старих задач на основі відгуків читачів
Чіткіший, більш особистий і гендерно нейтральний стиль написання
Додано колір для покращення візуальної презентації
Оновлені примітки, бібліографія та покажчик, щоб відобразити розвиток у цій галузі
Веб-сайт з новими додатковими матеріалами
Про автора
Томас Х. Кормен - почесний професор комп'ютерних наук у Дартмутському коледжі.
Чарльз Е. Лейзерсон - професор Едвіна Сіблі Вебстера з електротехніки та комп'ютерних наук в Массачусетському технологічному інституті.
Рональд Л. Рівест - професор інституту в Массачусетському технологічному інституті.
Кліффорд Стайн - професор Вай Т. Чанга з промислової інженерії та операційних досліджень, а також комп'ютерних наук у Колумбійському університеті.",2022,1312,4,1990-10-21T18:10:57.000Z,0,0,0
7,9789365746983,JavaScript Pocket Reference,Дэвид Флэнаган,"JavaScript (JS) - найпопулярніша мова програмування, яку вже понад 15 років застосовують для написання сценаріїв інтерактивних веб-сторінок. У новій книзі Девіда Фленагана ""JavaScript: кишеньковий довідник"" подано найважливіші відомості про синтаксис мови та показано приклади її практичного застосування. Незважаючи на малий обсяг кишенькового видання, у ньому міститься все, що необхідно знати для розробки професійних веб-додатків на JavaScript

Глави 1-9 присвячені опису синтаксису останньої версії мови (специфікація ECMAScript 5).

Типи даних, значення та змінні
Інструкції, оператори та вирази
Об'єкти та масиви
Класи та функції
Регулярні вирази
У розділах 10-14 розглядаються функціональні можливості мови поряд із моделлю DOM і засобами підтримки HTML5.

Взаємодія коду JavaScript з вікнами браузера
Сценарії HTML-документів і елементи сторінки
Керування стилями та класами CSS за допомогою коду JavaScript
Реагування на події миші та клавіатури
Взаємодія з веб-серверами
Зберігання даних на комп'ютері користувача
Девід Фленаган - JavaScript-програміст у компанії Mozilla, автор численних книжок з мов програмування, включно з JavaScript, Java і Ruby.

Отримав ступінь доктора технічних наук у Массачусетському технологічному інституті.",2020,320,4,1987-09-09T19:04:17.000Z,0,0,0
8,9785366390330,"Adaptive Code via C#: Class and Interface Design, Design Patterns, and SOLID Principles",Гэри Маклин Холл,"Ваш процес може бути гнучким, але чи вбудовуєте ви гнучкість безпосередньо в кодову базу? Ця книга навчить .NET-програмістів, як надати коду гнучкості для адаптації до мінливих вимог і запитів клієнтів, застосовуючи найсучасніші методи, включаючи принципи SOLID, шаблони проектування та інші найкращі практики галузі.

Зрозумієте, чому композиція є кращою за успадкування і наскільки гнучким може бути інтерфейс
Отримаєте глибокі знання про ключові патерни та антипатерни проектування, коли їх застосовувати та як надати своєму коду гнучкості
Подолання розриву між теорією, що лежить в основі принципів SOLID, патернами проектування та кращими галузевими практиками шляхом прагматичного вирішення реальних проблем
Отримайте приклади коду, написані у наступній версії Microsoft Visual C#
Теми включають Agile з процесом Scrum; залежності та нашарування; інтерфейс; патерни та анти-патерни; вступ до принципів SOLID, включаючи відкриті/закриті та вигуки залежностей; використання шаблонів додатків.",2014,432,4,2010-04-18T15:32:23.000Z,0,0,0
9,9783322119698,SQL: The Complete Referenc,Джеймс Р. Грофф,"Ця книжка розповість вам, як працювати з командами та інструкціями SQL, створювати та налаштовувати реляційні бази даних, завантажувати та модифікувати об'єкти баз даних, виконувати потужні запити, підвищувати продуктивність і вибудовувати систему безпеки. Ви
дізнаєтеся, як використовувати інструкції DDL і застосовувати API, інтегрувати XML і сценарії Java, використовувати об'єкти SQL, створювати веб-сервери, працювати з віддаленим доступом і виконувати розподілені транзакції. У цій книзі ви знайдете такі відомості, як описи
роботи з базами даних у пам'яті, потоковими та вбудованими базами даних, базами даних для мобільних і наладонних пристроїв, і багато іншого.
Прочитавши її, ви дізнаєтеся:

Побудова SQL-реляційних баз даних і додатків, створення, завантаження і модифікація об'єктів баз даних із застосуванням SQL
Побудова і виконання простих, багатотабличних і підсумкових запитів
Реалізація системи безпеки з використанням аутентифікації, привілеїв, ролей і уявлень
Оптимізація, резервне копіювання, відновлення та реплікація баз даних
Робота зі збереженими процедурами, функціями, розширеннями, тригерами та об'єктами
Розширена функціональність із застосуванням API, динамічного та вбудованого SQL
Опис таких питань, як транзакції, механізми блокувань, матеріалізовані уявлення і протокол двофазного завершення транзакції
Останні тенденції ринку та майбутнє SQL
Ця книга включає повний опис синтаксису з'єднань SQL!

Повний опис можливостей SQL, стандарту ANSI, питань застосування та програмування.
Включає історію, ринкові тенденції та порівняння можливостей провідних СУБД.
Оновлена інформація про XML, корпоративні та спеціалізовані бази даних (бази даних у пам'яті, потокові та вбудовані бази даних).
Матеріал від трьох провідних експертів охоплює всі аспекти SQL.

Переглянутий з урахуванням останніх версій РСУБД, цей посібник пояснює, як створювати, наповнювати й адмініструвати високопродуктивні бази даних і розробляти потужні та надійні
додатки з використанням SQL.

Про авторів

Джеймс Р. Грофф є виконавчим директором компанії PBworks. Раніше Грофф обіймав ту саму посаду в компанії TimesTen, очолюючи її протягом восьми років до купівлі компанії в 2005 році корпорацією Oracle.
Поль Н. Вайнберг - старший віце-президент компанії SAP. Вайнберг - експерт у галузі SQL; його компанія A2i, Inc. була придбана SAP у 2004 році. Разом із Дж. Гроффом є співавтором попередніх видань цієї книги.
Ендрю Дж. Оппель - провідний фахівець із моделювання даних у Blue Shield. Крім того, він уже понад 20 років викладає теорію баз даних у Каліфорнійському університеті в Берклі.",2015,960,2,2013-11-17T23:10:07.000Z,0,0,0
10,9782737616686,PHP and MySQL Web Development,Люк Веллинг,"Книга ""Веб-розробка на PHP та MySQL"" навчить читача розробляти динамічні, безпечні, комерційні веб-сайти. Використовуючи той самий доступний, популярний стиль викладання, що й у першому виданні, цей бестселер було оновлено, щоб відобразити швидкозмінний ландшафт MySQL і PHP.

Книга вчить читача інтегрувати та впроваджувати ці технології на реальних прикладах і робочих зразках проектів, а також охоплює суміжні технології, необхідні для створення комерційних веб-сайтів, такі як SSL, кошики для покупок і платіжні системи.

Друге видання містить нові відомості про те, як працювати з XML при розробці сайту на PHP і MySQL, а також про те, як використовувати цінні ресурси репозиторію коду і розширень PEAR.",2003,871,4,1972-11-19T18:25:16.000Z,0,0,0
11,9782033005931,Статистический анализ и визуализация данных с помощью R,Сергей Мастицкий,"Сьогодні R є безумовним лідером серед вільно розповсюджуваних систем статистичного аналізу. Провідні університети світу, аналітики найбільших компаній і дослідницьких центрів регулярно використовують R під час проведення науково-технічних розрахунків і створення великих інформаційних проектів. Широке викладання статистики на базі цієї системи та всебічна підтримка науковим співтовариством зумовили те, що наведення скриптів коду мовою R поступово стає загальновизнаним стандартом як у журнальних публікаціях, так і під час неформального спілкування вчених усього світу. Ця книга доповнює невелику (поки що) колекцію праць з R російською мовою, узагальнюючи та значно розширюючи сукупність методичних повідомлень, опублікованих раніше одним з авторів у блозі ""R: Анализ и визуализация данных"" (http://r-analytics.blogspot.com).
Книга адресована студентам, аспірантам, а також молодим і досвідченим вченим, які бажають освоїти класичні та сучасні методи аналізу даних з використанням R.

У цій книзі читач знайде:

- детальний опис мови R і базових графічних можливостей системи;

- доступно викладені описи поширених процедур обробки даних і побудови статистичних моделей, ілюстровані кількома десятками прикладів;

- численні фрагменти коду R, які можна легко модифікувати для власних цілей;

- рекомендації щодо інтерпретації та представлення одержуваних результатів аналізу.",2015,496,4,2003-10-01T16:25:13.000Z,0,0,0
12,9780712542111,Computer Coding for Kid,Джон Вудкок,"Програмування - одна з ключових навичок, якої потрібно навчати дитину вже з молодших класів. Комп'ютерний код - та сама іноземна мова, тільки він дає змогу розмовляти з комп'ютером, ставити йому завдання і контролювати їх виконання. І знання цієї мови сьогодні так само необхідне, як знання англійської та математики. 

Цей самовчитель познайомить вашу дитину з основами програмування і навчить двом найпоширенішим мовам - візуальній Scratch і текстовій Python. У книзі ви знайдете:

Описи можливостей програмних мов.
Прості інструкції зі створення ігор та анімації.
Численні поради та рекомендації від програмістів.
Корисну інформацію про будову комп'ютера.

Фішка книги
Багато талановитих програмістів починали свій шлях ще в дитинстві - зі створення простих ігор. Це цікаво і зрозуміло дитині. Саме тому автори цього самовчителя пропонують прості проєкти ігор та анімації, виконуючи які, дитина вчитиметься програмувати.

Чому ми вирішили видати цю книжку
Ми живемо в цифрову епоху. І якщо ви хочете, щоб ваша дитина була успішною і знайшла себе в майбутньому, допоможіть їй ? вчіть програмування вже зараз. І навіть якщо вона не обере кар'єру програміста, ці заняття допоможуть їй розвинути логіку, навчать мислити аналітично та знаходити розв'язки непростих завдань.

Для кого ця книжка
Для дітей від 8 років, які хочуть навчитися програмувати.
Для батьків, які хочуть показати дітям можливості комп'ютера.
Для вчителів. Цю книжку можна використовувати на заняттях.

Для батьків
Програми Scratch і Python можна безплатно завантажити та встановити на будь-який комп'ютер. Рекомендуємо вам встановлювати англійські версії програм. Ми спеціально не адаптували видання до російських версій (хоча вони є). Професійні програмісти мають знати англійську мову, тому нехай дитина вчиться програмувати англійською від самого початку.

Від авторів
Зовсім недавно комп'ютерне програмування здавалося таємничим ремеслом, долею фахівців. Думка про те, що програмування може бути захопливим заняттям для кожного, більшості людей і на думку не спадала. Але світ змінився. Інтернет, електронна пошта, соціальні мережі, смартфони та мобільні додатки, ураганом влетівши в наше життя, змінили його всього за кілька років. 
Комп'ютери займають дуже важливе місце в сучасному світі, і ми приймаємо це як належне. Ми охоче поглинаємо будь-які плоди комп'ютеризації - від інтернет-шопінгу та розваг до новин та ігор. Однак ми можемо не лише використовувати ці технології - навчившись програмувати, ми можемо розвивати їх, створювати власні витвори цифрового мистецтва.
Багато хто вважає, що програмування - одне з найважливіших у ХХ столітті вмінь. 
Вчитися програмувати дуже цікаво, адже ти можеш отримати результати одразу ж, і не важливо, скільки ще матеріалу належить вивчити. Ба більше, створення ігор і програм - таке захопливе заняття, що дуже скоро здасться, ніби це майже не потребує зусиль. Це чудова можливість для творчості, напевно, перша галузь науки, що поєднує мистецтво, логіку, творчість і бізнес. 
Крім того, вміння програмувати дуже знадобиться в житті. Воно розвиває логіку та інтелект, які важливі в найрізноманітніших галузях - від науки та інженерної справи до медицини та юриспруденції. Кількість вакансій, де потрібне вміння програмувати, з часом тільки зростатиме, причому хороших програмістів не вистачає вже зараз. Навчися програмування - і цифровий світ буде відкритий для тебе!",2015,224,5,1989-04-08T20:26:27.000Z,1,2,0
13,9785789393956,Exploring Arduino: Tools and Techniques for Engineering Wizardry,Джереми Блум,"Читач пройде шлях від основ цифрової логіки, булевої алгебри до програмування мікроконтролерів і створення на них практичних пристроїв. 

У книзі детально розглядаються принципи роботи мікропроцесорної системи, архітектура побудови мікроконтролерів сімейства AVR, що становить основу модулів Arduino. Саме на них виконано всі пристрої, на базі яких триває навчання. Модуль Arduino виявився настільки вдалою розробкою, що сьогодні визнаний ідеальною основою для вивчення мікроконтролерної техніки.

Основною частиною книги є практичний курс зі схемотехніки та програмування, що складається з 15 практичних уроків. Для кожного уроку автор спеціально розробив реальний пристрій на основі модуля Arduino. Переходячи послідовно від простого до складного, читач навчиться писати програми, а також опанує мистецтво схемотехніки.

Одночасно на тих самих прикладах йде вивчення мови програмування Arduino. Усі функції, оператори та інші елементи цієї мови детально описуються перед тим, як про них йтиметься під час опису конкретної програми.

Неоціненну допомогу у вивченні надає віртуальний диск, що містить інструментальні програми, додаткові бібліотеки для Arduino, відеопрезентації та повний набір Arduino-скетчів із книжки в електронному вигляді та багато іншого.

Книгу створено спеціально для початківців-конструкторів мікроконтролерної техніки, студентів і всіх, хто хоче досконально вивчити секрети і премудрості мікроелектроніки.",2018,480,3,1992-01-15T19:47:35.000Z,0,0,0
14,9782036699670,Программирование микроконтроллеров для начинающих и не только,А. Белов,"Ви хочете навчитися розробляти самостійно цікаві пристрої на мікроконтролерах? Хочете легко навчитися придумувати схеми і писати програми? Тоді ця книга для вас! Новітній самовчитель дасть змогу впевнено пройти шлях від рівня, що дістав влучну назву чайник, до цілком готового фахівця, який вміє самостійно розробляти готові працездатні мікроелектронні пристрої. Процес освоєння починається з азів цифрової техніки (базові елементи цифрової логіки, теорія цифрового сигналу, основи Булевої Алгебри, системи числення тощо). Йдучи поступово від простого до складного, ви вивчите основи мікропроцесорної техніки, можливості сімейства мікроконтролерів на прикладі AVR. Ну і, нарешті, ви освоїте основи схемотехніки та конструювання мікроелектронних пристроїв. Книга дасть змогу вивчити одразу дві мови програмування для мікроконтролерів (мова Асемблера і мова СІ). Навчить транслювати, налагоджувати програми, прошивати їх у пам'ять мікроконтролера,...",2016,352,1,2004-04-07T01:00:58.000Z,0,0,0
15,9781067866433,The Internet of Things,Сэмюэл Грингард,"Уявіть: ви сідаєте в машину, берете в руки книжку і вирушаєте в дорогу. Вам не потрібно керувати машиною - вона керує собою сама. Вам навіть не потрібно говорити їй, куди їхати, тому що вона вже звірилася з вашим щоденником, а він, своєю чергою, сам себе заповнив, перевіривши вашу пошту й електронний план тренувань. Автомобіль везе вас не в магазин (бо дрони вже доставили продукти до вашого холодильника, який ще минулого тижня сам відправив заявку в інтернет-магазин), і не на роботу (потреба в офісі давно відпала), а, скажімо, в оперу. Такий світ пропонує нам Інтернет речей.

Здається, що це фантастика, проте всі необхідні технології вже існують і виходять у серійне виробництво. Це означає, що ідилічна реальність Інтернету речей - питання найближчого майбутнього. І в цього майбутнього є зворотний бік: хвиля комп'ютерних злочинів, кібертероризму та мережевої зброї, тотальне стеження і втрата контролю над власним життям і навколишнім світом.

Семюел Грінгард пропонує, не відкладаючи, вирушити в майбутнє і поміркувати над важливими питаннями, відповіді на які нам незабаром будуть буквально життєво необхідні. 

Чому книга ""Інтернет речей: Майбутнє вже тут"" гідна прочитання

Інтернет речей - головний тренд поточного часу.
Автор розповідає, як усе розвиватиметься найближчими роками, і допомагає розібратися з перевагами та загрозами, які Інтернет речей у собі приховує.
Книга написана на замовлення Массачусетського технологічного інституту.",2017,188,3,2001-08-26T00:06:25.000Z,0,0,0
16,9787715098133,Sketching User Experiences: The Workbook,Сет Гринберг,"Досвід роботи зі скетчингом: Посібник містить інформацію про поетапний процес різних технік скетчингу. Він пропонує методи, які називаються дизайн-мисленням, як спосіб мислення користувача, і скетчингом, як спосіб мислення дизайнера. Дизайнери користувацького досвіду - це дизайнери, які створюють ескізи на основі своїх дій, взаємодій та досвіду. У книзі обговорюються відмінності між звичайними способами скетчингу та скетчингом, що використовується дизайнерами, орієнтованими на користувацький досвід. Вона також описує деякі мотиви, чому людина повинна робити скетчі, і знайомить зі скетчбуком. У книзі розглядаються різні методи скетчингу та модулі, які містять певний метод скетчингу. Вона також пояснює, як використовуються методи скетчингу. Читачі, які зацікавлені у вивченні, розумінні, практиці та викладанні дизайну, інформаційного дизайну, дизайну інтерфейсів та інформаційної архітектури, знайдуть цю книгу корисною для себе.
Містить окремі модулі з детальним описом методів і вправ для практиків, які хочуть навчитися і розвинути свої навички скетчингу
Надзвичайно практичний, з ілюстрованими прикладами, що детально описують усі кроки виконання того чи іншого методу
Чудово підходить для індивідуального навчання, для занять в аудиторії та для команди, яка хоче розвивати культуру дизайнерської практики
Ідеальне доповнення до Buxton's Sketching User Experience або будь-якого UX тексту",2011,272,1,1980-10-14T13:16:52.000Z,0,0,0
17,9788817709538,InDesign CS6,Александр Сераков,"Нова версія програми InDesign CS6 принесла і нові можливості. Але ними, як і тими, що були в більш ранніх версіях програми, треба вміти користуватися. І, прочитавши цю книгу, ви зможете це робити повною мірою. Описані в книзі приклади і методи допоможуть вам вирішувати свої власні завдання, а досвід, накопичений авторами за довгі роки роботи з InDesign, стане відмінною підмогою для досягнення поставлених цілей.",2013,208,3,2023-05-11T01:09:38.000Z,0,16,0
18,9782843446191,Адаптивный дизайн. Делаем сайты для любых устройств,Тим Кедлек,"Нові пристрої та платформи з'являються щодня. У розробників мобільних застосунків і сайтів існує реальна проблема: як коректно і якісно відобразити весь контент на екрані будь-якого розміру і співвідношення сторін. Для вирішення цього завдання призначений адаптивний веб-дизайн. Метою адаптивного веб-дизайну є створення універсальних веб-сайтів і додатків для різних пристроїв.

Для того, щоб із веб-сайтом або застосунком було зручно працювати на пристроях із різною роздільною здатністю та різного формату, за технологією адаптивного дизайну не потрібно створювати окремі версії для кожного виду пристроїв. Неважливо, що буде використовуватися для перегляду сайту: смартфон, планшет, ноутбук або телевізор, підключений до Інтернету.

Книжка Тіма Кедлека, відомого фахівця в галузі веб-дизайну, розповідає, як грамотно створити сайт з використанням ""гумової верстки"" модулів media queries і fluid media, як від самого початку правильно організувати робочий процес створення сайту в адаптивному дизайні та як враховувати особливості різних пристроїв.",2013,288,5,2010-03-23T01:24:12.000Z,0,0,0
19,9782786525809,Android для разработчиков,"Пол Дейтел, Харви Дейтел","Ласкаво просимо в динамічний світ розробки додатків для смартфонів і планшетів Android з використанням Android Software Development Kit (SDK), мови програмування JavaTM, а також нової і стрімко розвивається середовища розробки Android Studio. В основі книги лежить принцип розробки, орієнтованої на додатки, - концепції показано на прикладі повністю працездатних додатків Android, а не фрагментів коду. Понад мільйон людей уже скористалися книжками Дейтелов, щоб освоїти Java, C#, C++, C, JavaScript, XML, Visual Basic, Visual C++, Perl, Python та інші мови програмування. Третє видання цієї книжки дасть вам змогу не тільки розпочати розробку застосунків для Android, а й швидко опублікувати їх у Google Play. Третє видання книги було повністю оновлено і познайомить вас з можливостями Android 6 і Android Studio.",2016,512,2,2006-12-11T03:11:49.000Z,0,0,0
20,9780828790611,Clean Code: A Handbook of Agile Software Craftsmanship,Роберт Мартин,"Навіть поганий програмний код може працювати. Однак якщо код не є ""чистим"", це завжди заважатиме розвитку проєкту та компанії-розробника, забираючи значні ресурси на його підтримку та ""приборкання"". Ця книжка присвячена хорошому програмуванню. Вона сповнена реальних прикладів коду. Ми розглядатимемо код з різних напрямків: зверху вниз, знизу вгору і навіть зсередини. Прочитавши книгу, ви дізнаєтеся багато нового про код. Ба більше, ви навчитеся відрізняти хороший код від поганого. Ви дізнаєтеся, як писати хороший код і як перетворити поганий код на хороший. Книга складається з трьох частин. У першій частині викладаються принципи, патерни і прийоми написання чистого коду; наводиться великий обсяг прикладів коду. Друга частина складається з практичних сценаріїв наростаючої складності. Кожен сценарій являє собою вправу з чищення коду або перетворення проблемного коду в код з меншою кількістю проблем. Третя частина книги - концентроване вираження її суті. Вона складається з одного розділу з переліком евристичних правил і ""запахів коду"", зібраних під час аналізу. Ця частина являє собою базу знань, що описує наш шлях мислення в процесі читання, написання і чищення коду.",2013,464,3,1979-06-02T02:11:35.000Z,0,0,0
21,9785400114236,Swift Pocket Reference: Programming for iOS and OS X,Энтони Грей,"Отримайте швидкі відповіді на запитання щодо розробки та налагодження додатків за допомогою Swift, мультипарадигмальної мови програмування від Apple. Цей кишеньковий довідник, оновлений з урахуванням новітніх можливостей Swift 2.0, є ідеальним інструментом для вивчення сучасних можливостей мови, включаючи безпеку типів, узагальнення, виведення типів, закриття, кортежі, автоматичне керування пам'яттю та підтримку Unicode.

Розроблений для роботи з Cocoa та Cocoa Touch, Swift можна використовувати в тандемі з Objective-C, і будь-яка мова може викликати API, реалізовані в іншій. Swift все ще розвивається, але Apple чітко бачить її як майбутню мову вибору для розробки програмного забезпечення для iOS та OS X.

Основні можливості включають

Підтримувані типи даних, такі як рядки, масиви, фрагменти масивів, множини та словникиПотік програми: цикли, умовне виконання та обробка помилокКласи, структури, перерахування та функціїПротоколи, розширення та узагальненняКерування пам'яттюЗакриття: подібно до блоків в Objective-C та лямбд в C#Опції: значення, які можуть явно не мати значенняОператори, перевантаження операторів та користувацькі операториКерування доступом: обмеження доступу до типів, методів та властивостейДіапазони, інтервали та крокиПовний перелік вбудованих глобальних функцій та вимоги до їхніх параметрів",2015,236,3,1993-11-10T14:54:06.000Z,0,0,0
22,9783495639801,NoSQL Distilled: A Brief Guide to the Emerging World of Polyglot Persistence,"Мартин Фаулер, Прамодкумар Дж. Садаладж","NoSQL Distilled - це стислий, але ґрунтовний вступ до цієї технології, що стрімко розвивається. Прамод Дж. Садаладж і Мартін Фаулер пояснюють, як працюють бази даних NoSQL і чому вони можуть бути кращою альтернативою традиційним СКБД. Автори надають швидкий путівник по концепціях, які необхідно знати, щоб оцінити, чи підходять бази даних NoSQL для ваших потреб, і якщо так, то які технології вам слід вивчити далі.

Перша частина книги присвячена основним поняттям, зокрема безсхемним моделям даних, агрегатам, новим моделям розподілу, теоремі CAP та map-reduce. У другій частині автори досліджують архітектурні та проектні питання, пов'язані з реалізацією NoSQL. Вони також представляють реалістичні приклади використання, які демонструють роботу баз даних NoSQL і містять репрезентативні приклади з використанням Riak, MongoDB, Cassandra і Neo4j.

Крім того, спираючись на новаторську роботу Прамода Садалаге, NoSQL Distilled показує, як реалізувати еволюційний дизайн за допомогою міграції схем - важливого методу застосування баз даних NoSQL. Книга завершується описом того, як NoSQL відкриває нову еру поліглотної персистентності, де співіснують кілька світів зберігання даних, а архітектори можуть вибрати технологію, яка найкраще оптимізована для кожного типу доступу до даних.
Повний текст, завантажений на ваш комп'ютер

З електронними книгами ви можете

шукати ключові поняття, слова та фрази робити нотатки та помітки під час вивчення ділитися своїми нотатками з друзями
Електронні книги завантажуються на ваш комп'ютер і доступні як офлайн через Книжкову полицю (можна завантажити безкоштовно), так і онлайн, а також через додатки для iPad та Android.

Після покупки ви отримаєте електронною поштою код та інструкції, як отримати доступ до цього продукту.

Обмеження в часі

Продукти електронних книг не мають терміну придатності. Ви матимете доступ до своїх цифрових електронних книг, поки у вас встановлена Книжкова полиця.",2012,192,4,2013-10-16T09:41:44.000Z,0,0,0
23,9781873532904,Head First Ruby,Джей Макгаврен,"Що ви дізнаєтеся з цієї книги?

Чому так багато шуму навколо цієї мови Ruby? Чи підходить вона вам? Запитайте себе: чи не втомилися ви від усіх цих додаткових декларацій, ключових слів та кроків компіляції у вашій іншій мові? Ви хочете бути більш продуктивним програмістом? Тоді вам сподобається Ruby. Завдяки цьому унікальному практичному посібнику ви дізнаєтеся, як Ruby подбає про всі деталі за вас, щоб ви могли просто розважатися і робити більше з меншою кількістю коду.

Чому ця книга виглядає інакше?

Заснована на останніх дослідженнях у галузі когнітивної науки та теорії навчання, Head First Ruby використовує візуально насичений формат, щоб залучити ваш розум, а не важкий текстовий підхід, який присипляє вас. Навіщо витрачати час на боротьбу з новими поняттями? Цей мультисенсорний навчальний досвід розроблений з урахуванням того, як насправді працює ваш мозок.",2015,572,1,2013-04-13T06:43:49.000Z,0,0,0
24,9783397909835,Practical Vim,Дрю Нейл,"Vim - це швидкий та ефективний текстовий редактор, який зробить вас швидшим та ефективнішим розробником. Він доступний майже на всіх операційних системах, і якщо ви опануєте прийоми, описані в цій книжці, вам ніколи не знадобиться інший текстовий редактор. Понад 120 порад з Vim допоможуть вам швидко освоїти основні функції редактора і впоратися з найскладнішими завданнями редагування та написання текстів. Цей популярний бестселер було перероблено та оновлено до версії Vim 7.4, до нього увійшли три абсолютно нові та п'ять повністю перероблених порад.

Це кросплатформний текстовий редактор з широкими можливостями налаштування, який є серйозним інструментом для програмістів, веб-розробників та сисадмінів, які хочуть покращити свої навички роботи. Жоден інший текстовий редактор не може зрівнятися з Vim за швидкістю та ефективністю; він працює майже на всіх можливих системах і підтримує більшість мов кодування та розмітки.

Дізнайтеся, як редагувати текст ""по-вімівськи"": виконайте серію повторюваних змін за допомогою The Dot Formula, використовуючи одне натискання клавіші, щоб влучити в ціль, а потім ще одне натискання клавіші, щоб виконати зміну. Автоматизуйте складні завдання, записавши натискання клавіш у вигляді макросу. Відкрийте для себе ""дуже чарівний"" перемикач, який робить синтаксис регулярних виразів Vim більш схожим на синтаксис Perl. Створюйте складні шаблони, ітераційно переглядаючи історію пошуку. Шукайте у декількох файлах, а потім виконуйте команду заміни Vim у наборі результатів для пошуку та заміни у всьому проекті. І все це без встановлення жодного плагіна! Три нові підказки пояснюють, як запускати декілька команд ex у пакеті, автоматично доповнювати послідовності слів і працювати з повним збігом пошуку.

Практичний Vim, друге видання покаже вам нові способи ефективнішої роботи з Vim 7.4, незалежно від того, чи ви початківець, чи користувач середнього рівня. І все це без необхідності торкатися миші.",2015,356,5,1995-09-02T08:24:14.000Z,0,0,0
25,9789394846135,Head First. Патерни проєктування,Ерiк Фрiмен,"«Патерни проєктування» — ваша книжка, якщо вам хоч колись доводилося стикатися з проблемами дизайну програмного забезпечення. Вам не доведеться «винаходити колесо» — просто скористайтеся зведеним докупи величезним досвідом розробників і можливістю використовувати найкращі практики. Ви дізнаєтеся, навіщо потрібні патерни, побачите, як вони виглядають і працюють у «дикій природі», а призвичаївшись до їх використання, зможете витратити вільний час на щось більш складне і цікаве. Автори чудово показали, як патерни використовуються у Java API і як застосувати вбудовану підтримку патернів Java у вашому власному коді. Заразом ви засвоїте реальні принципи ОО-програмування, що залишаться з вами і тоді, коли доведеться працювати без патернів. Візуально насичений формат книжки розроблений із використанням новітніх досліджень в галузях нейробіології, когнітивної науки і теорії навчання. Тому весь її матеріал миттєво запам’ятовується, і невдовзі ви зможете з легкістю спілкуватися з іншими членами вашої команди на «таємній мові» патернів проєктування.",2023,672,2,1990-02-08T13:42:17.000Z,0,0,0
26,9780212843589,Чиста архітектура,Роберт Мартін,"Це друге видання справжнього бестселеру серед IT-літератури. В попереднє видання було внесено заміни з урахуванням зауважень від фахівців. Користуючись універсальними правилами архітектури програмного забезпечення, можна значно підвищити продуктивність праці розробників протягом усього життєвого циклу будь-якої програмної системи. Легендарний майстер програмного забезпечення Роберт К. Мартін («Дядечко Боб») розкриває ці правила у своїй книжці «Чиста архітектура: мистецтво розроблення програмного забезпечення» і допомагає їх застосувати.",2019,368,5,1988-07-06T23:20:14.000Z,0,0,0
27,9786237779711,PYTHON для дітей. Веселий вступ до програмування,Бріґґс Джейсон Р.,"Програмуйте із задоволенням!
Ця книга легко та невимушено допоможе вивчити основи однієї з найпопулярніших сучасних мов програмування — Python, що завдяки простому та зрозумілому синтаксису особливо підходить для новачків. Крок за кроком, на простих і дотепних прикладах та за допомогою смішних завдань ви зможете дізнатися про тонкощі мови Python.

Навчіться використовувати основні елементи цієї мови — списки, функції, модулі, малювати вбудованими інструментами Python та анімувати зображення і навіть зможете написати дві справжні комп'ютерні ігри: іграшку з м'ячем «Скок» та бродилку «Містер Руки-палички біжить до виходу».",2017,400,3,2022-04-10T11:20:05.000Z,0,0,0
28,9784716698164,Програмування мовою Java,Васильев Алексей Николаевич,"Книга ""Програмування мовою Java"" від Олексія Васильєва є важливим джерелом інформації для тих, хто цікавиться розробкою програм на мові Java. Вона охоплює всі основні теми, необхідні для розуміння та використання цієї мови програмування.

Однією з головних переваг цієї книги є те, що вона представляє матеріал у зрозумілій та простій формі. Автор пояснює складні концепції за допомогою прикладів, що сприяє кращому розумінню та запам'ятовуванню матеріалу. Такий підхід дозволяє читачам ефективно освоювати основи мови Java.

Книга охоплює широкий спектр тем, починаючи з базових прийомів створення програм і закінчуючи розробкою програм із графічним інтерфейсом. Читачі зможуть ознайомитися з основними конструкціями мови, операторами, типами даних, об'єктно-орієнтованим програмуванням, обробкою помилок, роботою з файлами та багатьма іншими деталями. Всі ці теми представлені систематично і логічно, що сприяє кращому засвоєнню матеріалу.

Книга також включає практичні приклади, які допомагають застосовувати отримані знання у реальних ситуаціях. Це допомагає читачам розвивати навички програмування та практичне розуміння мови Java.

Програмування на Java відрізняється від програмування на багатьох інших мовах завдяки своїм особливостям і характеристикам. Ось кілька ключових відмінностей, які варто враховувати.

Одна з найбільших переваг Java полягає в тому, що вона є кросплатформенною мовою програмування. Це означає, що програми, написані на Java, можуть працювати на будь-якій операційній системі, такі як Windows, macOS або Linux, без необхідності переписування коду. Це досягається завдяки використанню віртуальної машини Java (JVM), яка перетворює Java-код у машинний код, зрозумілий для конкретної операційної системи.

Java використовує об'єктно-орієнтований підхід до програмування, що дозволяє розбити програми на окремі об'єкти, які взаємодіють між собою. Це спрощує розробку, підтримку і розширення програм, оскільки об'єкти можуть бути повторно використані та модифіковані.

Система керування пам'яттю: Java має вбудовану систему керування пам'яттю, яка автоматично вирішує питання виділення та звільнення пам'яті для об'єктів. Це означає, що програмістам не потрібно явно виконувати операції з пам'яттю, такі як виділення та звільнення, що допомагає уникнути багатьох типових помилок, пов'язаних з управлінням пам'яттю.

Загалом, ""Програмування мовою Java"" є цінним ресурсом для всіх, хто бажає вивчити мову програмування Java. Вона пропонує чіткі пояснення, практичні приклади та широкий спектр охоплених тем. Рекомендуємо цю книгу як надійне джерело інформації для вивчення мови Java. Придбайте видання у Книгарні Є. Замовляйте його в розділі “Програмування” на нашому сайті та починайте вивчати програмування разом із нами! А ще вас зацікавить видання «Нead First. Патерни проєктування. Легкий для сприйняття довідник».",2020,696,2,1988-03-13T01:55:10.000Z,0,0,0
29,9787883597100,Чистий AGILE. Назад до основ,Роберт Мартін," За майже 20 років, які минули від опублікування Маніфесту Agile, розуміння цієї методології стало суттєво відрізнятися від тих намірів, котрі було покладено в основу її творцями. Тож зараз саме час повернутися до оригінальної ідеї Agile: негроміздкого рішення маленького завдання, поставленого перед невеликими командами програмістів, які виконують дрібні завдання. А хто може допомогти в цьому краще за Дядька Боба — одного з авторів гнучкої розробки програмного забезпечення, відомого міжнародного консультанта та письменника Роберта С. Мартіна, чиї книжки «Чиста архітектура» та «Чистий код» стали настільними для багатьох програмістів.",2023,224,1,2005-02-14T23:16:53.000Z,0,0,0
30,9781632437617,BIG DATA. Зброя математичного знищення. Як великі дані збільшують нерівність і загрожують демократії,Кейт О'Ніл,"Ми живемо в епоху алгоритмів. Рішення, які впливають на наше життя, дедалі частіше ухвалюють не люди, бо їх визначають математичні моделі. Це має забезпечити справедливість рішень, позаяк кожного судять за одними й тими самими правилами, і упередженість зводять нанівець. Проте Кейт О’Ніл розкриває в книзі інший бік Big Data і математичних алгоритмів ухвалення рішень. Моделі, які застосовують нині, є непрозорими, нерегульованими й беззаперечними, навіть коли явно помиляються. Вони здатні посилювати дискримінацію. Приміром, бідний студент не може отримати позику, позаяк модель кредитування вважає його занадто ризикованим (з огляду на його поштовий індекс), тим самим його позбавляють можливості здобути гарну освіту, яка може витягнути його з бідності. Математичні моделі допомагають сильнішим, натомість карають слабких, створюючи «токсичний коктейль для демократії». Ласкаво просимо на темний бік Big Data.",2019,336,3,2022-07-06T05:39:22.000Z,0,0,0
31,9780938961444,PRObusiness: Як пасти котів,Дж. Генк Рейнвотер,"Ця книга надає поради та інсайти щодо керування програмістами в IT-індустрії. Вона проводить аналогію між програмістами та котами, обговорюючи їхні спільні риси та особливості. Книга допомагає менеджерам та лідерам зрозуміти, як керувати командами програмістів та досягти успіху в цій галузі.",2020,320,4,1972-03-12T10:25:49.000Z,0,0,0
32,9781315304571,Continuous Delivery,"Jez Humble, David Farley","Переможець конкурсу Jolt Excellence Award 2011! Випуск програмного забезпечення для користувачів часто є болючим, ризикованим і трудомістким процесом. У цій революційній книзі викладено принципи та технічні методи, які дозволяють швидко та поступово надавати користувачам високоякісні та цінні нові функціональні можливості. Завдяки автоматизації процесів збірки, розгортання та тестування, а також покращенню співпраці між розробниками, тестувальниками та експлуатаційниками, команди розробників можуть випускати зміни за лічені години, а іноді навіть хвилини, незалежно від розміру проекту чи складності його кодової бази.   Джез Хамбл та Девід Фарлі починають з представлення основ швидкого, надійного та малоризикованого процесу доставки. Далі вони представляють ""конвеєр розгортання"" - автоматизований процес управління всіма змінами, від реєстрації до релізу. Нарешті, вони обговорюють ""екосистему"", необхідну для підтримки безперервної доставки, від управління інфраструктурою, даними і конфігурацією до управління.   Автори представляють найсучасніші методи, включаючи автоматизоване управління інфраструктурою та міграцію даних, а також використання віртуалізації. Для кожного з них вони розглядають ключові питання, визначають найкращі практики та демонструють, як зменшити ризики. Курс охоплює такі теми: - Автоматизація всіх аспектів побудови, інтеграції, тестування та розгортання програмного забезпечення; - Впровадження конвеєрів розгортання на рівні команди та організації; - Покращення співпраці між розробниками, тестувальниками та операторами; - Поетапна розробка функцій у великих та розподілених командах; - Впровадження ефективної стратегії управління конфігурацією; - Автоматизація приймально-здавальних випробувань, Автоматизація приймального тестування від аналізу до реалізації - Тестування продуктивності та інших нефункціональних вимог - Впровадження безперервного розгортання та випусків з нульовим часом простою - Управління інфраструктурою, даними, компонентами та залежностями - Навігація по управлінню ризиками, дотриманню нормативних вимог та аудиту Незалежно від того, чи є ви розробником, системним адміністратором, тестувальником або менеджером, ця книга допоможе вашій організації швидше, ніж будь-коли, перейти від ідеї до випуску - щоб ви могли швидко та надійно приносити користь своєму бізнесу.",2020,432,2,2015-12-31T15:18:02.000Z,0,0,0
33,9789411769645,Алгоритмы на Java,"Роберт Седжвик, Кевин Уэйн","Книга Седжвіка і Вейна ""АЛГОРИТМИ на Java"" є класичним довідковим посібником, в якому міститься необхідний обсяг знань для програміста в області алгоритмів, накопичених за останні кілька десятиліть У книзі ""АЛГОРИТМИ на Java"" представлено широкий спектр тем, що розглядаються: вичерпне тлумачення структур даних та алгоритмів сортування, пошуку, обробки графів і рядків, включно з п'ятдесятьма алгоритмами (дивись algs4.cs.princeton.edu/code), які повинен знати кожен програміст. Описуються нові реалізації алгоритмів на Java, написані в ясному модульному стилі, за якого весь код доступний читачеві і повністю готовий до використання. У книзі вивчення алгоритмів на Java ведеться в контексті найважливіших наукових, інженерних та комерційних додатків. Клієнти та алгоритми виражені за допомогою реального коду, а не псевдокоду, як у багатьох інших книгах. Книжка ""АЛГОРИТМИ на Java"" вирізняється з-поміж безлічі інших ясним і стислим текстом, детальними прикладами з ілюстраціями, ретельно підібраним кодом, історичним і науковим контекстом, а також вправами для самостійного опрацювання на всіх рівнях. У книзі подано точні міркування щодо продуктивності, що підтримуються відповідними математичними моделями та емпіричними дослідженнями, що підтверджують достовірність цих моделей Книга Седжвіка та Вейна ""АЛГОРИТМИ на Java"" підтримується в Інтернет веб-сайтом algs4.cs.princeton.edu, на якому містяться дайджести, коди програм, тестові дані, програмні проєкти, вправи, слайди для лекцій та інші корисні ресурси.",2012,848,2,2007-02-14T13:12:19.000Z,0,0,0
34,9789022921579,Сам себе программист. Как научиться программировать и устроиться в Ebay?,Кори Альтхофф,"Автор книги всього за рік навчився програмувати, що саме по собі чимало. Однак Кору Альтхофф пішов далі, і, навчившись програмувати, він влаштувався розробником на одну з найбільш серйозних сучасних IT-компаній — Ebay. Як йому вдалося? Читайте цю книгу, вивчайте програмування на мові Python за унікальною авторською методикою — вам це теж під силу!",2018,208,3,2000-02-16T12:00:44.000Z,0,0,0
35,9784279491073,Rapid Development,Steve McConnell,"Команди корпоративних і комерційних розробників програмного забезпечення прагнуть вирішити одну важливу проблему - як контролювати свої напружені графіки розробки. У книзі ""ШВИДКА РОЗРОБКА"" автор Стів МакКоннелл розглядає цю проблему, використовуючи загальні стратегії, конкретні найкращі практики та цінні поради, які допомагають скоротити та контролювати графіки розробки та підтримувати проекти в русі. Усередині ви знайдете
Стратегію швидкої розробки, яку можна застосувати до будь-якого проекту, та найкращі практики, які допоможуть їй працювати Відверте обговорення чудових і не дуже практик швидкої розробки - оцінки, прототипування, вимушених понаднормових, мотивації, командної роботи, мов швидкої розробки, управління ризиками та багато іншого Список класичних помилок, яких слід уникати у проектах швидкої розробки, включаючи повзучі вимоги, низьку якість та синдром срібної кулі Приклади, які яскраво ілюструють, що може піти не так, що може піти правильно, і як визначити, в якому напрямку рухається ваш проект ШВИДКА РОЗРОБКА - це реальний посібник для більш ефективної розробки додатків.
Повний текст завантажується на ваш комп'ютер

З електронною книгою ви можете

шукати ключові поняття, слова та фрази робити нотатки та помітки під час вивчення ділитися своїми нотатками з друзями
Електронні книги завантажуються на ваш комп'ютер і доступні як офлайн через Книжкову полицю (можна завантажити безкоштовно), так і онлайн, а також через додатки для iPad та Android.

Після покупки ви отримаєте електронною поштою код та інструкції, як отримати доступ до цього продукту.

Обмеження в часі

Продукти електронних книг не мають терміну придатності. Ви матимете доступ до своїх цифрових електронних книг, поки у вас встановлена Книжкова полиця.",1996,672,4,1983-01-19T12:41:59.000Z,0,0,0
36,9789964518196,Кодеры за работой. Размышления о ремесле программиста,Питер Сейбел,"Із книжки ви дізнаєтеся про майбутнє програмування і як навчитися програмувати, як вибір мови програмування впливає на продуктивність і чи можна полегшити виконання важковіднайдених помилок",2011,537,5,1976-04-17T23:41:43.000Z,0,0,0
37,9781419634840,Предметно-ориентированное проектирование (DDD). Структуризация сложных программных систем,Эрик Эванс,"Класична книга Е. Еванса ""Предметно-орієнтоване проектування: структуризація складних програмних систем"" висвітлює найбільш загальне, стратегічне коло питань, пов'язаних з об'єктно-орієнтованою розробкою програмного забезпечення. Це переробка та структуризація знань про предметні галузі, застосування типових архітектурних шаблонів, побудова та аналіз моделей предметних областей, проектування програмних об'єктів з точки зору якості їх взаємодії та передачі логічної структури знань, організація програм на основі великомасштабних структур, вироблення спільної мови та стратегії комунікації в групі. Підхід автора будується на динамічному рефакторингу моделі та постійної дистиляції знань. Це дозволяє досягти високого ступеня гармонії між логікою предметної області та кодом програми, а також достатньої гнучкості програмної архітектури для зручного доопрацювання та інтеграції програмного забезпечення. Книга насичена практичними прикладами реальних проектів.

Світова спільнота програмістів визнає, що моделювання предметних областей є ключовим розділом проектування програмного забезпечення. У моделях предметних областей розробники висловлюють складні функції своїх програм, реалізуючи їх у такому вигляді, що відповідає реальним потребам користувачів. Незважаючи на очевидну важливість предмета, існує дуже мало посібників з ефективного впровадження моделювання предметних областей у практику розробки програм.

Книга Еріка Еванса заповнює цю прогалину. Вона присвячена не окремим технологіям, а систематичному предметно-орієнтованому підходу. У ній представлений широкий набір прийомів та методик, заснованих на практичному досвіді, та фундаментальних принципів, що допомагають у реалізації програмних проектів із складних предметних областей. Органічно переплітаючи практику проектування та реалізації програм, ця книга містить багато фактичних прикладів, що ілюструють застосування загальних стратегічних принципів у реальних програмних проектах.

З книги читач дізнається, як за допомогою моделі предметної області надати розробці складної системи потрібну спрямованість та динаміку. Виділено основні прийоми та зразки-шаблони, що утворюють спільну мову групи розробників. Особливо наголошується на необхідності рефакторингу не тільки коду, а й моделі в його основі, що у поєднанні з ітераційною agile-методикою призводить до поглиблення знань про предметну область та підвищення якості взаємодії між фахівцями та програмістами. Підхід книги будується саме на цьому фундаменті, пропонуючи моделі та архітектури для систем та організацій будь-якої складності.

Зокрема, у книзі розглядаються такі теми:
- Єдина мова спілкування для групи розробників.
- Глибокий зв'язок між моделлю та програмною реалізацією.
- Виділення ключових характеристик моделі.
- управління циклом існування об'єктів.
- Написання коду предметної області, що легко інтегрується.
- Як зробити складний код очевидним та передбачуваним у поведінці.
- Формулювання введення у предметну область.
- дистиляція ядра предметної області.
- Пошук неявних понять, прихованих у моделі.
- Застосування аналітичних шаблонів.
- Архітектурні шаблони у моделях.
- Підтримка цілісності великих систем.
- співіснування кількох моделей в одному проекті.
- Організація систем відповідно до великомасштабних структур.
- Якісні стрибки у моделях.

Маючи під рукою цю книгу, розробники об'єктно-орієнтованих програм, системні аналітики та архітектори завжди будуть мати у своєму розпорядженні набір рекомендацій щодо організації своєї праці, створення складних і корисних моделей предметних областей, перетворення їх на високоякісні, довгоживучі програмні продукти.
Книга призначена для підвищення кваліфікації програмістів, які працюють, зокрема, за методиками екстремального програмування та agile-розробки. Може бути корисною студентам відповідних спеціальностей.",2011,448,5,2001-02-15T07:53:31.000Z,0,0,0
38,9780811372619,Искусство программирования,Дональд Кнут,"Перший том серії книг Дональда Е. Батога ""Мистецтво програмування"" починається з опису основних понять і методів програмування. Потім автор зосереджується на розгляді інформаційних структур - поданні інформації всередині комп'ютера, структурні зв'язки між елементами даних і про способам ефективної роботи з ними. Для методів імітації, символьних обчислень, числових методів, методів розробки програмного забезпечення наведено приклади елементарних додатків. Порівняно з попереднім виданням, додані десятки простих, але в той же час дуже важливих алгоритмів.
В книзі ""Мистецтво програмування, том 1. Основні алгоритми"" згідно з сучасними напрямками досліджень був істотно перероблений розділ математичного введення.",2020,720,5,1970-10-11T05:54:07.000Z,0,0,0
39,9783716818879,Структура и Интерпретация Компьютерных Программ,"Абельсон Харольд, Сассман Джеральд Джейrn","Книга присвячена опису різних систем програмного синтаксису, аналізу переходу від набору алгоритмів до програмного коду.
Значне місце приділяється обговоренню набору ""елементарних програм"", які використовуються як елементи конструкції програм вищих рівнів складності, оптимізації співвідношення їхньої ""ваги"" та ефективності.
Особливу увагу автори приділяють аналізу проблеми взаємодії комп'ютера як фізичного об'єкта і програмного коду, що забезпечує інформаційну складову обчислення. Книга буде корисною всім, кому доводиться мати справу з програмуванням, зокрема і в гуманітарних галузях знання.",2004,608,5,1997-03-01T18:45:33.000Z,0,0,0
40,9780747620501,Шаблоны корпоративных приложений,Мартин Фаулер,"Книга ""Шаблони корпоративних додатків"" є перевиданням книги ""Архітектура корпоративних програмних додатків"" !
Створення комп'ютерних систем - справа далеко не проста. У міру того як зростає їхня складність, процеси конструювання відповідного програмного забезпечення стають дедалі трудомісткішими, причому витрати праці зростають експоненціально. Як і в будь-якій професії, прогрес у програмуванні досягається виключно шляхом навчання, причому не тільки на помилках, а й на успіхах - як своїх, так і чужих. Книга дає відповіді на важкі питання, з якими доводиться стикатися всім розробникам корпоративних систем. 
Автор, відомий фахівець у галузі об'єктно-орієнтованого програмування, помітив, що з розвитком технологій базові принципи проєктування та розв'язання загальних проблем залишаються незмінними, і виділив понад 40 найуживаніших підходів, оформивши їх у вигляді типових рішень. Результат перед вами - незамінний посібник з архітектури програмних систем для будь-якої корпоративної платформи. Цей своєрідний навчальний посібник допоможе вам не тільки засвоїти інформацію, а й передати отримані знання оточуючим значно швидше й ефективніше, ніж це вдавалося автору. 
Книга призначена для програмістів, проектувальників і архітекторів, які займаються створенням корпоративних додатків і прагнуть підвищити якість ухвалюваних стратегічних рішень.",2022,544,3,1989-12-11T01:50:13.000Z,0,0,0
41,,"Высоконагруженные приложения. Программирование, масштабирование, поддержка",Мартин Клеппман,"В этой книге вы найдете ключевые принципы, алгоритмы и компромиссы, без которых не обойтись при разработке высоконагруженных систем для работы с данными. Материал рассматривается на примере внутреннего устройства популярных программных пакетов и фреймворков.

В книге три основные части, посвященные, прежде всего, теоретическим аспектам работы с распределенными системами и базами данных.

От читателя требуются базовые знания SQL и принципов работы баз данных.",2018,654,5,2023-11-28T17:41:54.000Z,30,34,0